p_x,p_z,logical_error_rate,avg_syndrome_weight,click_rate
1.000000e-06,0.000000e+00,2.200000e-05,2.820000e-04,8.900000e-05
1.000000e-04,0.000000e+00,2.535000e-03,3.183200e-02,9.917000e-03
1.000000e-02,0.000000e+00,1.988170e-01,2.571528e+00,6.261970e-01
