p_x,p_z,logical_error_rate,avg_syndrome_weight,click_rate
0.000000e+00,1.000000e-06,6.000000e-06,4.200000e-05,1.900000e-05
0.000000e+00,1.000000e-04,9.390000e-04,4.896000e-03,1.821000e-03
0.000000e+00,1.000000e-02,8.319200e-02,4.626780e-01,1.656260e-01
