p_x,p_z,logical_error_rate,avg_syndrome_weight,click_rate
1.000000e-07,1.000000e-07,3.200000e-06,1.708000e-04,4.790000e-05
1.000000e-04,1.000000e-04,3.544800e-03,1.720020e-01,4.734940e-02
1.000000e-01,1.000000e-01,4.999951e-01,6.629735e+01,1.000000e+00
