p_x,p_z,logical_error_rate,avg_syndrome_weight,click_rate
1.000000e-07,1.000000e-07,9.000000e-07,1.620000e-05,5.100000e-06
1.000000e-04,1.000000e-04,1.012600e-03,1.603800e-02,4.985800e-03
1.000000e-01,1.000000e-01,4.467052e-01,9.735317e+00,9.899672e-01
