p_x,p_z,logical_error_rate,avg_syndrome_weight,click_rate
1.000000e-07,1.000000e-07,3.200000e-06,9.600000e-05,2.800000e-05
1.000000e-04,1.000000e-04,2.783500e-03,1.002106e-01,2.886000e-02
1.000000e-01,1.000000e-01,4.992489e-01,4.138160e+01,1.000000e+00
