p_x,p_z,logical_error_rate,avg_syndrome_weight,click_rate
1.000000e-07,1.000000e-07,1.100000e-06,5.600000e-06,1.900000e-06
1.000000e-04,1.000000e-04,6.040000e-04,4.831400e-03,1.807800e-03
1.000000e-01,1.000000e-01,3.691150e-01,3.376545e+00,8.205267e-01
