p_x,p_z,logical_error_rate,avg_syndrome_weight,click_rate
1.000000e-07,0.000000e+00,1.000000e-06,7.800000e-06,2.400000e-06
1.000000e-04,0.000000e+00,1.008800e-03,8.032200e-03,2.498500e-03
1.000000e-01,0.000000e+00,4.464616e-01,3.570782e+00,8.668673e-01
