p_x,p_z,logical_error_rate,avg_syndrome_weight,click_rate
1.000000e-07,0.000000e+00,1.900000e-06,4.140000e-05,1.220000e-05
1.000000e-04,0.000000e+00,2.767800e-03,5.012680e-02,1.455200e-02
1.000000e-01,0.000000e+00,4.991454e-01,1.160496e+01,9.999742e-01
