p_x,p_z,logical_error_rate,avg_syndrome_weight,click_rate
1.000000e-07,0.000000e+00,6.000000e-07,8.000000e-07,3.000000e-07
1.000000e-04,0.000000e+00,6.129000e-04,2.401000e-03,8.964000e-04
1.000000e-01,0.000000e+00,3.688669e-01,1.475586e+00,5.532824e-01
