p_x,p_z,logical_error_rate,avg_syndrome_weight,click_rate
1.000000e-07,0.000000e+00,3.300000e-06,8.320000e-05,2.350000e-05
1.000000e-04,0.000000e+00,3.556900e-03,8.575600e-02,2.391890e-02
1.000000e-01,0.000000e+00,5.001521e-01,1.578309e+01,9.999998e-01
