p_x,p_z,logical_error_rate,avg_syndrome_weight,click_rate
0.000000e+00,1.000000e-07,4.000000e-06,8.400000e-05,2.340000e-05
0.000000e+00,1.000000e-04,3.591300e-03,8.602760e-02,2.393080e-02
0.000000e+00,1.000000e-01,4.997226e-01,5.051207e+01,1.000000e+00
