p_x,p_z,logical_error_rate,avg_syndrome_weight,click_rate
0.000000e+00,1.000000e-07,1.000000e-06,7.800000e-06,2.400000e-06
0.000000e+00,1.000000e-04,9.941000e-04,7.981600e-03,2.491900e-03
0.000000e+00,1.000000e-01,4.463880e-01,6.163910e+00,9.242296e-01
