p_x,p_z,logical_error_rate,avg_syndrome_weight,click_rate
0.000000e+00,1.000000e-07,3.700000e-06,5.180000e-05,1.500000e-05
0.000000e+00,1.000000e-04,2.772900e-03,5.023660e-02,1.457030e-02
0.000000e+00,1.000000e-01,4.989149e-01,2.977354e+01,9.999999e-01
