p_x,p_z,logical_error_rate,avg_syndrome_weight,click_rate
0.000000e+00,1.000000e-07,5.000000e-07,1.600000e-06,8.000000e-07
0.000000e+00,1.000000e-04,6.070000e-04,2.390800e-03,8.969000e-04
0.000000e+00,1.000000e-01,3.690892e-01,1.900566e+00,5.983718e-01
