p_x,p_z,logical_error_rate,avg_syndrome_weight,click_rate
1.000000e-05,1.000000e-05,1.800000e-04,1.930000e-03,7.300000e-04
7.071068e-04,7.071068e-04,8.060000e-03,1.492100e-01,5.335000e-02
5.000000e-02,5.000000e-02,3.572200e-01,7.853070e+00,9.808100e-01
