p_x,p_z,logical_error_rate,avg_syndrome_weight,click_rate
1.000000e-06,1.000000e-06,5.400000e-05,1.466000e-03,3.230000e-04
2.236068e-04,2.236068e-04,9.683000e-03,3.177280e-01,7.065100e-02
5.000000e-02,5.000000e-02,4.958010e-01,4.585902e+01,1.000000e+00
