p_x,p_z,logical_error_rate,avg_syndrome_weight,click_rate
1.000000e-05,1.000000e-05,4.900000e-04,4.554000e-02,1.241000e-02
7.071068e-04,7.071068e-04,3.698000e-02,3.072590e+00,5.743200e-01
5.000000e-02,5.000000e-02,4.969600e-01,1.313668e+02,1.000000e+00
