p_x,p_z,logical_error_rate,avg_syndrome_weight,click_rate
1.000000e-05,1.000000e-05,1.540000e-03,1.081200e-01,2.304000e-02
7.071068e-04,7.071068e-04,9.465000e-02,7.468940e+00,8.055900e-01
5.000000e-02,5.000000e-02,5.002800e-01,2.905171e+02,1.000000e+00
