p_x,p_z,logical_error_rate,avg_syndrome_weight,click_rate
1.000000e-05,1.000000e-05,7.200000e-04,1.035100e-01,2.527000e-02
7.071068e-04,7.071068e-04,5.914000e-02,7.113620e+00,8.339100e-01
5.000000e-02,5.000000e-02,5.020300e-01,2.854889e+02,1.000000e+00
