p_x,p_z,logical_error_rate,avg_syndrome_weight,click_rate
1.000000e-05,1.000000e-05,1.550000e-03,1.033300e-01,2.523000e-02
7.071068e-04,7.071068e-04,9.972000e-02,7.121500e+00,8.344800e-01
5.000000e-02,5.000000e-02,5.018600e-01,2.854626e+02,1.000000e+00
