p_x,p_z,logical_error_rate,avg_syndrome_weight,click_rate
1.000000e-05,1.000000e-05,6.600000e-04,5.015000e-02,1.207000e-02
7.071068e-04,7.071068e-04,5.293000e-02,3.426180e+00,5.694000e-01
5.000000e-02,5.000000e-02,5.011000e-01,1.413558e+02,1.000000e+00
