p_x,p_z,logical_error_rate,avg_syndrome_weight,click_rate
1.000000e-05,1.000000e-05,1.000000e-04,1.400000e-03,6.400000e-04
7.071068e-04,7.071068e-04,6.940000e-03,1.099900e-01,4.557000e-02
5.000000e-02,5.000000e-02,3.454400e-01,6.043500e+00,9.642800e-01
