p_x,p_z,logical_error_rate,avg_syndrome_weight,click_rate
5.000000e-04,5.000000e-04,0.000000e+00,3.043500e+00,7.278000e-01
1.880302e-03,1.880302e-03,0.000000e+00,1.131550e+01,9.933000e-01
7.071068e-03,7.071068e-03,3.000000e-04,4.144950e+01,1.000000e+00
2.659148e-02,2.659148e-02,5.970000e-02,1.447402e+02,1.000000e+00
1.000000e-01,1.000000e-01,5.017000e-01,4.104898e+02,1.000000e+00
