p_x,p_z,logical_error_rate,avg_syndrome_weight,click_rate
1.000000e-05,1.000000e-05,1.500000e-04,1.440000e-03,6.600000e-04
7.071068e-04,7.071068e-04,7.670000e-03,1.132900e-01,4.891000e-02
5.000000e-02,5.000000e-02,3.430400e-01,6.201440e+00,9.725800e-01
