p_x,p_z,logical_error_rate,avg_syndrome_weight,click_rate
1.000000e-05,1.000000e-05,1.390000e-03,1.035000e-01,2.522000e-02
7.071068e-04,7.071068e-04,8.855000e-02,7.114560e+00,8.345900e-01
5.000000e-02,5.000000e-02,5.003100e-01,2.855430e+02,1.000000e+00
