p_x,p_z,logical_error_rate,avg_syndrome_weight,click_rate
1.000000e-06,1.000000e-06,1.900000e-05,1.820000e-04,4.900000e-05
2.236068e-04,2.236068e-04,3.134000e-03,4.115400e-02,1.159600e-02
5.000000e-02,5.000000e-02,3.861840e-01,7.179776e+00,9.300760e-01
