p_x,p_z,logical_error_rate,avg_syndrome_weight,click_rate
1.000000e-05,1.000000e-05,1.370000e-03,1.047500e-01,2.643000e-02
7.071068e-04,7.071068e-04,8.847000e-02,7.195580e+00,8.473900e-01
5.000000e-02,5.000000e-02,4.955300e-01,2.889785e+02,1.000000e+00
