p_x,p_z,logical_error_rate,avg_syndrome_weight,click_rate
1.000000e-05,1.000000e-05,7.000000e-05,1.390000e-03,6.300000e-04
7.071068e-04,7.071068e-04,7.480000e-03,1.101300e-01,4.583000e-02
5.000000e-02,5.000000e-02,3.422700e-01,6.037060e+00,9.638100e-01
