p_x,p_z,logical_error_rate,avg_syndrome_weight,click_rate
1.000000e-05,1.000000e-05,2.400000e-04,1.274000e-02,3.700000e-03
7.071068e-04,7.071068e-04,2.010000e-02,9.135300e-01,2.378100e-01
5.000000e-02,5.000000e-02,4.796200e-01,4.265546e+01,1.000000e+00
