p_x,p_z,logical_error_rate,avg_syndrome_weight,click_rate
1.000000e-05,1.000000e-05,5.000000e-05,1.280000e-03,6.000000e-04
7.071068e-04,7.071068e-04,4.170000e-03,1.131700e-01,4.883000e-02
5.000000e-02,5.000000e-02,2.934600e-01,6.196200e+00,9.735400e-01
