p_x,p_z,logical_error_rate,avg_syndrome_weight,click_rate
1.000000e-05,1.000000e-05,5.000000e-05,1.240000e-03,5.600000e-04
7.071068e-04,7.071068e-04,4.170000e-03,1.095900e-01,4.538000e-02
5.000000e-02,5.000000e-02,2.936400e-01,6.045730e+00,9.649600e-01
