p_x,p_z,logical_error_rate,avg_syndrome_weight,click_rate
1.000000e-05,1.000000e-05,8.100000e-04,4.638000e-02,1.038000e-02
7.071068e-04,7.071068e-04,5.778000e-02,3.221620e+00,5.132300e-01
5.000000e-02,5.000000e-02,5.013000e-01,1.340619e+02,1.000000e+00
