p_x,p_z,logical_error_rate,avg_syndrome_weight,click_rate
1.000000e-05,1.000000e-05,1.500000e-04,1.620000e-03,4.700000e-04
7.071068e-04,7.071068e-04,9.770000e-03,1.302600e-01,3.657000e-02
5.000000e-02,5.000000e-02,3.831500e-01,7.184040e+00,9.297700e-01
