p_x,p_z,logical_error_rate,avg_syndrome_weight,click_rate
1.000000e-05,1.000000e-05,8.400000e-04,4.514000e-02,1.231000e-02
7.071068e-04,7.071068e-04,5.323000e-02,3.070790e+00,5.740400e-01
5.000000e-02,5.000000e-02,4.988300e-01,1.313043e+02,1.000000e+00
