p_x,p_z,logical_error_rate,avg_syndrome_weight,click_rate
1.000000e-05,1.000000e-05,1.500000e-04,1.380000e-03,6.000000e-04
7.071068e-04,7.071068e-04,7.670000e-03,1.099200e-01,4.565000e-02
5.000000e-02,5.000000e-02,3.430400e-01,6.050360e+00,9.647400e-01
