p_x,p_z,logical_error_rate,avg_syndrome_weight,click_rate
5.000000e-04,5.000000e-04,6.900000e-03,4.533000e-01,1.876000e-01
1.880302e-03,1.880302e-03,2.520000e-02,1.663600e+00,5.327000e-01
7.071068e-03,7.071068e-03,1.024000e-01,6.168300e+00,9.439000e-01
2.659148e-02,2.659148e-02,3.099000e-01,2.126910e+01,1.000000e+00
1.000000e-01,1.000000e-01,4.925000e-01,6.116300e+01,1.000000e+00
