p_x,p_z,logical_error_rate,avg_syndrome_weight,click_rate
5.000000e-04,5.000000e-04,0.000000e+00,7.410000e-02,3.900000e-02
1.880302e-03,1.880302e-03,1.000000e-04,2.567000e-01,1.389000e-01
7.071068e-03,7.071068e-03,3.100000e-03,9.540000e-01,4.213000e-01
2.659148e-02,2.659148e-02,4.250000e-02,3.368000e+00,8.781000e-01
1.000000e-01,1.000000e-01,3.295000e-01,1.011940e+01,9.996000e-01
