p_x,p_z,logical_error_rate,avg_syndrome_weight,click_rate
5.000000e-04,5.000000e-04,1.000000e-04,4.529000e-01,1.876000e-01
1.880302e-03,1.880302e-03,6.000000e-04,1.663700e+00,5.327000e-01
7.071068e-03,7.071068e-03,1.110000e-02,6.179400e+00,9.439000e-01
2.659148e-02,2.659148e-02,1.249000e-01,2.127500e+01,1.000000e+00
1.000000e-01,1.000000e-01,4.768000e-01,6.115650e+01,1.000000e+00
