p_x,p_z,logical_error_rate,avg_syndrome_weight,click_rate
1.000000e-05,1.000000e-05,2.000000e-05,2.080000e-03,7.300000e-04
7.071068e-04,7.071068e-04,3.340000e-03,1.493100e-01,5.334000e-02
5.000000e-02,5.000000e-02,2.467400e-01,7.847520e+00,9.810800e-01
