p_x,p_z,logical_error_rate,avg_syndrome_weight,click_rate
1.000000e-05,1.000000e-05,3.600000e-04,1.189000e-02,3.730000e-03
7.071068e-04,7.071068e-04,2.634000e-02,9.304000e-01,2.520000e-01
5.000000e-02,5.000000e-02,4.920400e-01,4.340525e+01,1.000000e+00
