p_x,p_z,logical_error_rate,avg_syndrome_weight,click_rate
1.000000e-05,1.000000e-05,8.100000e-04,4.365000e-02,1.171000e-02
7.071068e-04,7.071068e-04,6.159000e-02,3.028970e+00,5.548400e-01
5.000000e-02,5.000000e-02,4.982400e-01,1.294629e+02,1.000000e+00
