p_x,p_z,logical_error_rate,avg_syndrome_weight,click_rate
1.000000e-05,1.000000e-05,8.000000e-04,4.452000e-02,1.171000e-02
7.071068e-04,7.071068e-04,5.307000e-02,3.026890e+00,5.548900e-01
5.000000e-02,5.000000e-02,5.019100e-01,1.294461e+02,1.000000e+00
