p_x,p_z,logical_error_rate,avg_syndrome_weight,click_rate
1.000000e-05,1.000000e-05,4.800000e-04,1.462000e-02,3.230000e-03
7.071068e-04,7.071068e-04,2.952000e-02,1.001820e+00,2.073200e-01
5.000000e-02,5.000000e-02,4.929600e-01,4.584640e+01,1.000000e+00
