p_x,p_z,logical_error_rate,avg_syndrome_weight,click_rate
1.000000e-06,1.000000e-06,1.010000e-04,1.085400e-02,2.324000e-03
2.236068e-04,2.236068e-04,1.990200e-02,2.387690e+00,4.043890e-01
5.000000e-02,5.000000e-02,5.000630e-01,2.905687e+02,1.000000e+00
