p_x,p_z,logical_error_rate,avg_syndrome_weight,click_rate
1.000000e-06,1.000000e-06,5.600000e-05,4.562000e-03,1.041000e-03
2.236068e-04,2.236068e-04,1.228900e-02,1.026730e+00,2.034290e-01
5.000000e-02,5.000000e-02,4.985260e-01,1.340428e+02,1.000000e+00
