p_x,p_z,logical_error_rate,avg_syndrome_weight,click_rate
1.000000e-05,1.000000e-05,5.600000e-04,1.347000e-02,3.810000e-03
7.071068e-04,7.071068e-04,3.241000e-02,9.151500e-01,2.379700e-01
5.000000e-02,5.000000e-02,4.979000e-01,4.269910e+01,1.000000e+00
