p_x,p_z,logical_error_rate,avg_syndrome_weight,click_rate
1.000000e-05,1.000000e-05,3.500000e-04,1.160000e-02,3.440000e-03
7.071068e-04,7.071068e-04,2.598000e-02,9.121100e-01,2.381000e-01
5.000000e-02,5.000000e-02,4.933200e-01,4.264119e+01,1.000000e+00
