p_x,p_z,logical_error_rate,avg_syndrome_weight,click_rate
1.000000e-05,1.000000e-05,3.600000e-04,1.332000e-02,3.830000e-03
7.071068e-04,7.071068e-04,2.055000e-02,9.163400e-01,2.375100e-01
5.000000e-02,5.000000e-02,4.793800e-01,4.271237e+01,1.000000e+00
