p_x,p_z,logical_error_rate,avg_syndrome_weight,click_rate
1.000000e-05,1.000000e-05,5.900000e-04,4.362000e-02,1.169000e-02
7.071068e-04,7.071068e-04,3.782000e-02,3.028240e+00,5.547600e-01
5.000000e-02,5.000000e-02,4.984800e-01,1.294720e+02,1.000000e+00
