p_x,p_z,logical_error_rate,avg_syndrome_weight,click_rate
5.000000e-04,5.000000e-04,2.000000e-04,1.330500e+00,4.475000e-01
1.880302e-03,1.880302e-03,2.000000e-03,5.034100e+00,8.956000e-01
7.071068e-03,7.071068e-03,2.590000e-02,1.854330e+01,9.998000e-01
2.659148e-02,2.659148e-02,2.691000e-01,6.451650e+01,1.000000e+00
1.000000e-01,1.000000e-01,4.851000e-01,1.840384e+02,1.000000e+00
