p_x,p_z,logical_error_rate,avg_syndrome_weight,click_rate
1.000000e-05,1.000000e-05,5.500000e-04,5.014000e-02,1.208000e-02
7.071068e-04,7.071068e-04,3.692000e-02,3.426150e+00,5.707100e-01
5.000000e-02,5.000000e-02,4.982200e-01,1.414469e+02,1.000000e+00
