p_x,p_z,logical_error_rate,avg_syndrome_weight,click_rate
5.000000e-04,5.000000e-04,3.700000e-03,7.360000e-02,3.900000e-02
1.880302e-03,1.880302e-03,1.050000e-02,2.581000e-01,1.389000e-01
7.071068e-03,7.071068e-03,4.080000e-02,9.525000e-01,4.213000e-01
2.659148e-02,2.659148e-02,1.508000e-01,3.353400e+00,8.780000e-01
1.000000e-01,1.000000e-01,4.001000e-01,1.010410e+01,9.997000e-01
