p_x,p_z,logical_error_rate,avg_syndrome_weight,click_rate
1.000000e-06,0.000000e+00,1.800000e-05,9.000000e-05,2.700000e-05
2.236068e-04,0.000000e+00,3.142000e-03,1.946600e-02,5.721000e-03
5.000000e-02,0.000000e+00,3.854590e-01,3.471686e+00,7.354530e-01
