p_x,p_z,logical_error_rate,avg_syndrome_weight,click_rate
1.000000e-06,0.000000e+00,8.800000e-05,2.292000e-03,5.100000e-04
2.236068e-04,0.000000e+00,1.942900e-02,5.224720e-01,1.079030e-01
5.000000e-02,0.000000e+00,4.997230e-01,6.739751e+01,1.000000e+00
