p_x,p_z,logical_error_rate,avg_syndrome_weight,click_rate
1.000000e-06,0.000000e+00,5.500000e-05,7.720000e-04,1.640000e-04
2.236068e-04,0.000000e+00,9.761000e-03,1.622080e-01,3.599000e-02
5.000000e-02,0.000000e+00,4.949990e-01,2.314805e+01,9.998040e-01
