p_x,p_z,logical_error_rate,avg_syndrome_weight,click_rate
1.000000e-05,0.000000e+00,2.200000e-04,6.313700e-01,1.571500e-01
7.071068e-04,0.000000e+00,1.731000e-02,4.191550e+01,9.999900e-01
5.000000e-02,0.000000e+00,4.563600e-01,1.636177e+03,1.000000e+00
