p_x,p_z,logical_error_rate,avg_syndrome_weight,click_rate
1.000000e-05,0.000000e+00,1.700000e-04,7.000000e-04,2.200000e-04
7.071068e-04,0.000000e+00,9.920000e-03,6.322000e-02,1.862000e-02
5.000000e-02,0.000000e+00,3.871000e-01,3.480720e+00,7.366900e-01
