p_x,p_z,logical_error_rate,avg_syndrome_weight,click_rate
1.000000e-05,0.000000e+00,2.660000e-03,9.074000e-02,5.050000e-02
7.071068e-04,0.000000e+00,1.668900e-01,6.221230e+00,9.736000e-01
5.000000e-02,0.000000e+00,4.998500e-01,2.247788e+02,1.000000e+00
