p_x,p_z,logical_error_rate,avg_syndrome_weight,click_rate
1.000000e-06,0.000000e+00,1.510000e-04,5.678000e-03,1.189000e-03
2.236068e-04,0.000000e+00,3.204500e-02,1.202138e+00,2.277690e-01
5.000000e-02,0.000000e+00,4.992710e-01,1.458701e+02,1.000000e+00
