p_x,p_z,logical_error_rate,avg_syndrome_weight,click_rate
1.000000e-05,0.000000e+00,8.400000e-04,2.137000e-02,5.840000e-03
7.071068e-04,0.000000e+00,6.182000e-02,1.514110e+00,3.370500e-01
5.000000e-02,0.000000e+00,5.007700e-01,6.466547e+01,1.000000e+00
