p_x,p_z,logical_error_rate,avg_syndrome_weight,click_rate
1.000000e-05,0.000000e+00,7.000000e-05,9.000000e-04,3.600000e-04
7.071068e-04,0.000000e+00,5.620000e-03,6.848000e-02,2.770000e-02
5.000000e-02,0.000000e+00,3.193600e-01,3.627890e+00,8.625700e-01
