p_x,p_z,logical_error_rate,avg_syndrome_weight,click_rate
5.000000e-04,0.000000e+00,2.000000e-04,1.511600e+00,4.765000e-01
1.880302e-03,0.000000e+00,1.300000e-03,5.702800e+00,9.157000e-01
7.071068e-03,0.000000e+00,2.920000e-02,2.094950e+01,9.999000e-01
2.659148e-02,0.000000e+00,3.087000e-01,7.293660e+01,1.000000e+00
1.000000e-01,0.000000e+00,5.059000e-01,2.057819e+02,1.000000e+00
