p_x,p_z,logical_error_rate,avg_syndrome_weight,click_rate
1.000000e-05,0.000000e+00,8.600000e-04,2.179000e-02,5.850000e-03
7.071068e-04,0.000000e+00,5.453000e-02,1.520700e+00,3.368300e-01
5.000000e-02,0.000000e+00,4.993800e-01,6.468388e+01,1.000000e+00
