p_x,p_z,logical_error_rate,avg_syndrome_weight,click_rate
1.000000e-05,0.000000e+00,7.900000e-04,2.290000e-02,5.110000e-03
7.071068e-04,0.000000e+00,5.779000e-02,1.632780e+00,3.024200e-01
5.000000e-02,0.000000e+00,4.999400e-01,6.738658e+01,1.000000e+00
