p_x,p_z,logical_error_rate,avg_syndrome_weight,click_rate
1.000000e-05,0.000000e+00,1.610000e-03,5.218000e-02,1.322000e-02
7.071068e-04,0.000000e+00,8.826000e-02,3.554750e+00,5.972200e-01
5.000000e-02,0.000000e+00,4.997600e-01,1.427972e+02,1.000000e+00
