p_x,p_z,logical_error_rate,avg_syndrome_weight,click_rate
1.000000e-05,0.000000e+00,4.000000e-05,7.100000e-04,3.200000e-04
7.071068e-04,0.000000e+00,4.180000e-03,5.161000e-02,2.438000e-02
5.000000e-02,0.000000e+00,2.912800e-01,2.827580e+00,8.190100e-01
