p_x,p_z,logical_error_rate,avg_syndrome_weight,click_rate
1.000000e-05,0.000000e+00,4.200000e-04,7.560000e-03,1.610000e-03
7.071068e-04,0.000000e+00,3.096000e-02,5.129400e-01,1.102200e-01
5.000000e-02,0.000000e+00,4.967200e-01,2.313116e+01,9.997900e-01
