p_x,p_z,logical_error_rate,avg_syndrome_weight,click_rate
1.000000e-05,0.000000e+00,1.500000e-03,5.273000e-02,1.312000e-02
7.071068e-04,0.000000e+00,9.997000e-02,3.551560e+00,5.972900e-01
5.000000e-02,0.000000e+00,4.981800e-01,1.428293e+02,1.000000e+00
