p_x,p_z,logical_error_rate,avg_syndrome_weight,click_rate
1.000000e-05,0.000000e+00,4.700000e-04,6.720000e-03,1.860000e-03
7.071068e-04,0.000000e+00,3.373000e-02,4.593700e-01,1.302100e-01
5.000000e-02,0.000000e+00,4.966600e-01,2.125752e+01,9.999800e-01
