p_x,p_z,logical_error_rate,avg_syndrome_weight,click_rate
1.000000e-05,0.000000e+00,8.600000e-04,1.201000e-02,7.620000e-03
7.071068e-04,0.000000e+00,6.229000e-02,8.522700e-01,4.143600e-01
5.000000e-02,0.000000e+00,5.015300e-01,3.304211e+01,1.000000e+00
