p_x,p_z,logical_error_rate,avg_syndrome_weight,click_rate
5.000000e-04,0.000000e+00,7.300000e-03,2.249000e-01,9.790000e-02
1.880302e-03,0.000000e+00,2.670000e-02,8.528000e-01,3.179000e-01
7.071068e-03,0.000000e+00,9.900000e-02,3.163300e+00,7.681000e-01
2.659148e-02,0.000000e+00,3.068000e-01,1.080000e+01,9.958000e-01
1.000000e-01,0.000000e+00,4.953000e-01,3.080850e+01,1.000000e+00
