p_x,p_z,logical_error_rate,avg_syndrome_weight,click_rate
1.000000e-05,0.000000e+00,1.380000e-03,5.650000e-02,1.184000e-02
7.071068e-04,0.000000e+00,9.543000e-02,3.768760e+00,5.589300e-01
5.000000e-02,0.000000e+00,4.982700e-01,1.458674e+02,1.000000e+00
