p_x,p_z,logical_error_rate,avg_syndrome_weight,click_rate
1.000000e-05,0.000000e+00,1.200000e-04,6.300000e-04,3.300000e-04
7.071068e-04,0.000000e+00,7.020000e-03,5.166000e-02,2.449000e-02
5.000000e-02,0.000000e+00,3.445600e-01,2.831260e+00,8.207300e-01
