p_x,p_z,logical_error_rate,avg_syndrome_weight,click_rate
1.000000e-05,0.000000e+00,3.800000e-04,6.400000e-03,1.810000e-03
7.071068e-04,0.000000e+00,2.674000e-02,4.634100e-01,1.299000e-01
5.000000e-02,0.000000e+00,4.903700e-01,2.123243e+01,9.999400e-01
