p_x,p_z,logical_error_rate,avg_syndrome_weight,click_rate
1.000000e-05,0.000000e+00,9.300000e-04,2.479000e-02,6.030000e-03
7.071068e-04,0.000000e+00,5.744000e-02,1.706970e+00,3.438300e-01
5.000000e-02,0.000000e+00,4.995700e-01,7.045595e+01,1.000000e+00
