p_x,p_z,logical_error_rate,avg_syndrome_weight,click_rate
1.000000e-05,0.000000e+00,8.000000e-05,8.240000e-03,4.290000e-03
7.071068e-04,0.000000e+00,4.560000e-03,6.032000e-01,2.693600e-01
5.000000e-02,0.000000e+00,2.582000e-01,3.174270e+01,1.000000e+00
