p_x,p_z,logical_error_rate,avg_syndrome_weight,click_rate
0.000000e+00,1.000000e-05,1.100000e-04,1.040000e-03,3.300000e-04
0.000000e+00,7.071068e-04,8.660000e-03,8.349000e-02,2.785000e-02
0.000000e+00,5.000000e-02,3.590000e-01,4.237890e+00,8.650000e-01
