p_x,p_z,logical_error_rate,avg_syndrome_weight,click_rate
0.000000e+00,1.000000e-06,1.500000e-05,9.400000e-05,2.700000e-05
0.000000e+00,2.236068e-04,2.481000e-03,2.137600e-02,5.721000e-03
0.000000e+00,5.000000e-02,3.421930e-01,3.699314e+00,7.354250e-01
