p_x,p_z,logical_error_rate,avg_syndrome_weight,click_rate
0.000000e+00,5.000000e-04,0.000000e+00,6.585000e-01,2.572000e-01
0.000000e+00,1.880302e-03,1.000000e-04,2.485100e+00,6.676000e-01
0.000000e+00,7.071068e-03,2.000000e-03,9.158900e+00,9.851000e-01
0.000000e+00,2.659148e-02,8.850000e-02,3.190570e+01,1.000000e+00
0.000000e+00,1.000000e-01,5.030000e-01,9.159520e+01,1.000000e+00
