p_x,p_z,logical_error_rate,avg_syndrome_weight,click_rate
0.000000e+00,1.000000e-05,1.500000e-04,6.900000e-04,2.900000e-04
0.000000e+00,7.071068e-04,7.460000e-03,6.000000e-02,2.291000e-02
0.000000e+00,5.000000e-02,3.414500e-01,3.219250e+00,8.037300e-01
