p_x,p_z,logical_error_rate,avg_syndrome_weight,click_rate
0.000000e+00,1.000000e-05,1.100000e-04,6.600000e-04,2.800000e-04
0.000000e+00,7.071068e-04,7.630000e-03,5.996000e-02,2.292000e-02
0.000000e+00,5.000000e-02,3.440700e-01,3.226900e+00,8.042700e-01
