p_x,p_z,logical_error_rate,avg_syndrome_weight,click_rate
0.000000e+00,1.000000e-06,1.030000e-04,5.502000e-03,1.189000e-03
0.000000e+00,2.236068e-04,1.996500e-02,1.181148e+00,2.277690e-01
0.000000e+00,5.000000e-02,4.994510e-01,1.447096e+02,1.000000e+00
