p_x,p_z,logical_error_rate,avg_syndrome_weight,click_rate
0.000000e+00,1.000000e-05,5.700000e-04,2.160000e-02,5.690000e-03
0.000000e+00,7.071068e-04,3.854000e-02,1.521080e+00,3.285700e-01
0.000000e+00,5.000000e-02,4.984400e-01,6.483254e+01,1.000000e+00
