p_x,p_z,logical_error_rate,avg_syndrome_weight,click_rate
0.000000e+00,1.000000e-05,9.800000e-04,5.447000e-02,1.339000e-02
0.000000e+00,7.071068e-04,5.970000e-02,3.610180e+00,6.043200e-01
0.000000e+00,5.000000e-02,5.010900e-01,1.444570e+02,1.000000e+00
