p_x,p_z,logical_error_rate,avg_syndrome_weight,click_rate
0.000000e+00,1.000000e-06,3.800000e-05,7.160000e-04,1.640000e-04
0.000000e+00,2.236068e-04,6.602000e-03,1.551720e-01,3.599000e-02
0.000000e+00,5.000000e-02,4.780840e-01,2.271535e+01,9.998030e-01
