p_x,p_z,logical_error_rate,avg_syndrome_weight,click_rate
0.000000e+00,1.000000e-05,2.900000e-04,6.150000e-03,1.780000e-03
0.000000e+00,7.071068e-04,2.064000e-02,4.586300e-01,1.250600e-01
0.000000e+00,5.000000e-02,4.774400e-01,2.141569e+01,9.999100e-01
