p_x,p_z,logical_error_rate,avg_syndrome_weight,click_rate
0.000000e+00,1.000000e-05,5.500000e-04,2.286000e-02,6.160000e-03
0.000000e+00,7.071068e-04,3.901000e-02,1.540090e+00,3.440200e-01
0.000000e+00,5.000000e-02,5.009100e-01,6.584228e+01,1.000000e+00
