p_x,p_z,logical_error_rate,avg_syndrome_weight,click_rate
0.000000e+00,1.000000e-05,5.600000e-04,2.511000e-02,6.020000e-03
0.000000e+00,7.071068e-04,3.882000e-02,1.716630e+00,3.437800e-01
0.000000e+00,5.000000e-02,4.965700e-01,7.110397e+01,1.000000e+00
