p_x,p_z,logical_error_rate,avg_syndrome_weight,click_rate
0.000000e+00,1.000000e-05,8.100000e-04,5.506000e-02,1.184000e-02
0.000000e+00,7.071068e-04,5.828000e-02,3.705140e+00,5.589300e-01
0.000000e+00,5.000000e-02,5.018300e-01,1.446976e+02,1.000000e+00
