p_x,p_z,logical_error_rate,avg_syndrome_weight,click_rate
0.000000e+00,1.000000e-06,6.600000e-05,2.270000e-03,5.100000e-04
0.000000e+00,2.236068e-04,1.234800e-02,5.080260e-01,1.079030e-01
0.000000e+00,5.000000e-02,4.987440e-01,6.667225e+01,1.000000e+00
