p_x,p_z,logical_error_rate,avg_syndrome_weight,click_rate
0.000000e+00,1.000000e-05,3.200000e-04,6.740000e-03,1.820000e-03
0.000000e+00,7.071068e-04,2.087000e-02,4.587600e-01,1.254300e-01
0.000000e+00,5.000000e-02,4.798700e-01,2.142912e+01,9.999200e-01
