p_x,p_z,logical_error_rate,avg_syndrome_weight,click_rate
0.000000e+00,1.000000e-05,5.500000e-04,2.253000e-02,5.830000e-03
0.000000e+00,7.071068e-04,3.901000e-02,1.517770e+00,3.291000e-01
0.000000e+00,5.000000e-02,5.009100e-01,6.485303e+01,1.000000e+00
