p_x,p_z,logical_error_rate,avg_syndrome_weight,click_rate
0.000000e+00,1.000000e-05,3.200000e-04,7.200000e-03,1.610000e-03
0.000000e+00,7.071068e-04,2.087000e-02,4.909400e-01,1.102200e-01
0.000000e+00,5.000000e-02,4.798700e-01,2.270366e+01,9.997900e-01
