p_x,p_z,logical_error_rate,avg_syndrome_weight,click_rate
0.000000e+00,1.000000e-05,2.900000e-04,6.300000e-03,1.930000e-03
0.000000e+00,7.071068e-04,2.064000e-02,4.682600e-01,1.334900e-01
0.000000e+00,5.000000e-02,4.774400e-01,2.183968e+01,9.999400e-01
